Validator,PT_VERSION,2.14.0
Validator,HIP_VERSION,715
Validator,HIPBLASLT_VERSION,100401-8d1ae90e
Validator,GCN_ARCH_NAME,gfx803
Validator,ROCBLAS_VERSION,5.6.0.8d1ae90eff-dirty
GemmTunableOp_Half_TN,tn_8192_229_4096_ld_4096_4096_8192,Gemm_Rocblas_-64,6.98819
GemmTunableOp_Half_TN,tn_4096_229_4096_ld_4096_4096_4096,Gemm_Rocblas_-64,3.70178
GemmTunableOp_Half_TN,tn_32_229_4096_ld_4096_4096_32,Gemm_Rocblas_-68,0.673173
GemmStridedBatchedTunableOp_float_TN,tn_64_64_128_B_128_ld_128_128_64,Gemm_Rocblas_-524,0.189949
GemmStridedBatchedTunableOp_float_NN,nn_128_64_64_B_128_ld_128_64_128,Gemm_Rocblas_-452,0.120235
GemmStridedBatchedTunableOp_float_TN,tn_64_64_128_B_32_ld_128_128_64,Gemm_Rocblas_-525,0.0660498
GemmStridedBatchedTunableOp_float_NN,nn_128_64_128_B_32_ld_128_128_128,Gemm_Rocblas_-537657453,0.074778
GemmStridedBatchedTunableOp_float_NN,nn_128_64_64_B_32_ld_128_64_128,Gemm_Rocblas_-537657455,0.0475853
GemmStridedBatchedTunableOp_float_NT,nt_128_128_64_B_32_ld_128_128_128,Gemm_Rocblas_-119,0.0851543
GemmTunableOp_Half_TN,tn_12288_229_4096_ld_4096_4096_12288,Gemm_Rocblas_-63,10.235
GemmTunableOp_Half_TN,tn_4096_229_12288_ld_12288_12288_4096,Gemm_Rocblas_-69,11.8387
GemmTunableOp_Half_TN,tn_1024_229_4096_ld_4096_4096_1024,Default,1.21191
GemmStridedBatchedTunableOp_float_TN,tn_229_229_256_B_16_ld_256_256_229,Gemm_Rocblas_-525,0.232534
GemmStridedBatchedTunableOp_float_NN,nn_256_229_229_B_16_ld_256_229_256,Gemm_Rocblas_-451,0.216918
GemmTunableOp_Half_TN,tn_1024_3_4096_ld_4096_4096_1024,Gemm_Rocblas_-62,0.715108
GemmTunableOp_Half_TN,tn_1024_2_4096_ld_4096_4096_1024,Gemm_Rocblas_-62,0.731331
GemmTunableOp_Half_TN,tn_1024_8_1024_ld_1024_1024_1024,Gemm_Rocblas_-62,0.200413
GemmTunableOp_Half_TN,tn_1024_229_1024_ld_1024_1024_1024,Default,0.311312
GemmStridedBatchedTunableOp_float_TN,tn_229_8_64_B_16_ld_1024_1024_229,Gemm_Rocblas_-537657546,0.0900024
GemmStridedBatchedTunableOp_float_NN,nn_64_8_229_B_16_ld_1024_229_64,Gemm_Rocblas_-537657405,0.0700818
GemmTunableOp_Half_TN,tn_4096_8_1024_ld_1024_1024_4096,Gemm_Rocblas_-68,0.21823
GemmTunableOp_Half_TN,tn_1024_8_4096_ld_4096_4096_1024,Gemm_Rocblas_-62,0.737116
GemmTunableOp_Half_NN,nn_1_3_1024_ld_1_1024_1,Gemm_Rocblas_-9,0.0210724
GemmTunableOp_Half_NN,nn_1_2_1024_ld_1_1024_1,Gemm_Rocblas_-9,0.0208326
GemmTunableOp_Half_TN,tn_3072_3_1024_ld_1024_1024_3072,Gemm_Rocblas_-68,0.21439
GemmStridedBatchedTunableOp_Half_TN,tn_3_3_64_B_16_ld_64_64_3,Gemm_Rocblas_-68,0.0268487
GemmStridedBatchedTunableOp_Half_NN,nn_64_3_3_B_16_ld_64_3_64,Gemm_Rocblas_-459,0.019337
GemmTunableOp_Half_TN,tn_1024_3_1024_ld_1024_1024_1024,Gemm_Rocblas_-68,0.199861
GemmTunableOp_Half_TN,tn_2048_229_1024_ld_1024_1024_2048,Default,0.515736
GemmStridedBatchedTunableOp_float_TN,tn_229_3_64_B_16_ld_1024_1024_229,Gemm_Rocblas_-537657515,0.0882824
GemmStridedBatchedTunableOp_float_NN,nn_64_3_229_B_16_ld_1024_229_64,Gemm_Rocblas_-537657405,0.0688899
GemmTunableOp_Half_TN,tn_4096_3_1024_ld_1024_1024_4096,Gemm_Rocblas_-68,0.217118
GemmTunableOp_Half_NN,nn_1_3_4096_ld_1_4096_1,Gemm_Rocblas_-9,0.0213207
GemmTunableOp_Half_NN,nn_1_2_4096_ld_1_4096_1,Gemm_Rocblas_-9,0.0282327
GemmTunableOp_Half_TN,tn_3456_384_1152_ld_1152_1152_3456,Gemm_Rocblas_-62,1.12971
GemmStridedBatchedTunableOp_float_TN,tn_192_192_72_B_16_ld_1152_1152_192,Gemm_Rocblas_-525,0.101611
GemmStridedBatchedTunableOp_float_NN,nn_72_192_192_B_16_ld_1152_192_72,Gemm_Rocblas_-451,0.107475
GemmTunableOp_Half_TN,tn_1152_384_1152_ld_1152_1152_1152,Default,0.4469
GemmTunableOp_Half_TN,tn_4304_384_1152_ld_1152_1152_4304,Default,1.41318
GemmTunableOp_Half_TN,tn_1152_384_4304_ld_4304_4304_1152,Default,1.59535
GemmTunableOp_Half_TN,tn_4608_96_4608_ld_4608_4608_4608,Default,1.74549
GemmTunableOp_Half_TN,tn_4096_96_4608_ld_4608_4608_4096,Gemm_Rocblas_-68,1.73432
GemmTunableOp_Half_TN,tn_8192_268_4096_ld_4096_4096_8192,Gemm_Rocblas_-69,7.74085
GemmTunableOp_Half_TN,tn_4096_268_4096_ld_4096_4096_4096,Gemm_Rocblas_-63,3.94203
GemmTunableOp_Half_TN,tn_32_268_4096_ld_4096_4096_32,Gemm_Rocblas_-68,0.674956
GemmStridedBatchedTunableOp_float_TN,tn_64_64_128_B_160_ld_128_128_64,Gemm_Rocblas_-525,0.243351
GemmStridedBatchedTunableOp_float_NN,nn_128_64_64_B_160_ld_128_64_128,Gemm_Rocblas_-452,0.131332
GemmTunableOp_Half_TN,tn_12288_268_4096_ld_4096_4096_12288,Gemm_Rocblas_-63,11.3557
GemmTunableOp_Half_TN,tn_4096_268_12288_ld_12288_12288_4096,Gemm_Rocblas_-69,12.3594
GemmTunableOp_Half_TN,tn_1024_268_4096_ld_4096_4096_1024,Default,1.23009
GemmStridedBatchedTunableOp_float_TN,tn_268_268_256_B_16_ld_256_256_268,Gemm_Rocblas_-525,0.315545
GemmStridedBatchedTunableOp_float_NN,nn_256_268_268_B_16_ld_256_268_256,Gemm_Rocblas_-452,0.277232
GemmTunableOp_Half_TN,tn_1024_5_1024_ld_1024_1024_1024,Gemm_Rocblas_-62,0.199549
GemmTunableOp_Half_TN,tn_1024_268_1024_ld_1024_1024_1024,Default,0.315057
GemmStridedBatchedTunableOp_float_TN,tn_268_5_64_B_16_ld_1024_1024_268,Gemm_Rocblas_-537657515,0.101571
GemmStridedBatchedTunableOp_float_NN,nn_64_5_268_B_16_ld_1024_268_64,Gemm_Rocblas_-537657405,0.0780581
GemmTunableOp_Half_TN,tn_4096_5_1024_ld_1024_1024_4096,Gemm_Rocblas_-62,0.217646
GemmTunableOp_Half_TN,tn_1024_5_4096_ld_4096_4096_1024,Gemm_Rocblas_-62,0.734162
GemmTunableOp_Half_TN,tn_3072_2_1024_ld_1024_1024_3072,Gemm_Rocblas_-68,0.214214
GemmStridedBatchedTunableOp_Half_TN,tn_2_2_64_B_16_ld_64_64_2,Gemm_Rocblas_-62,0.0267688
GemmStridedBatchedTunableOp_Half_NN,nn_64_2_2_B_16_ld_64_2_64,Gemm_Rocblas_-466,0.019184
GemmTunableOp_Half_TN,tn_1024_2_1024_ld_1024_1024_1024,Gemm_Rocblas_-62,0.199125
GemmTunableOp_Half_TN,tn_2048_268_1024_ld_1024_1024_2048,Default,0.545399
GemmStridedBatchedTunableOp_float_TN,tn_268_2_64_B_16_ld_1024_1024_268,Gemm_Rocblas_-537657515,0.0993866
GemmStridedBatchedTunableOp_float_NN,nn_64_2_268_B_16_ld_1024_268_64,Gemm_Rocblas_-537657405,0.0776182
GemmTunableOp_Half_TN,tn_4096_2_1024_ld_1024_1024_4096,Gemm_Rocblas_-68,0.216734
GemmTunableOp_Half_TN,tn_8192_1024_4096_ld_4096_4096_8192,Gemm_Rocblas_-69,26.0487
GemmTunableOp_Half_TN,tn_4096_1024_4096_ld_4096_4096_4096,Gemm_Rocblas_-69,13.2244
GemmTunableOp_Half_TN,tn_32_1024_4096_ld_4096_4096_32,Gemm_Rocblas_-62,0.711995
GemmStridedBatchedTunableOp_float_TN,tn_64_64_128_B_512_ld_128_128_64,Gemm_Rocblas_-525,0.550113
GemmStridedBatchedTunableOp_float_NN,nn_128_64_64_B_512_ld_128_64_128,Gemm_Rocblas_-451,0.311817
GemmTunableOp_Half_TN,tn_12288_1024_4096_ld_4096_4096_12288,Gemm_Rocblas_-69,39.6808
GemmTunableOp_Half_TN,tn_4096_1024_12288_ld_12288_12288_4096,Gemm_Rocblas_-69,54.2844
GemmTunableOp_Half_TN,tn_1024_1024_4096_ld_4096_4096_1024,Gemm_Rocblas_-63,3.92699
GemmStridedBatchedTunableOp_float_TN,tn_1024_1024_256_B_16_ld_256_256_1024,Gemm_Rocblas_-525,2.62887
GemmStridedBatchedTunableOp_float_NN,nn_256_1024_1024_B_16_ld_256_1024_256,Gemm_Rocblas_-452,2.74893
GemmTunableOp_Half_TN,tn_8192_825_4096_ld_4096_4096_8192,Gemm_Rocblas_-69,21.8617
GemmTunableOp_Half_TN,tn_4096_825_4096_ld_4096_4096_4096,Gemm_Rocblas_-69,10.9838
GemmTunableOp_Half_TN,tn_32_825_4096_ld_4096_4096_32,Gemm_Rocblas_-62,0.685162
GemmStridedBatchedTunableOp_float_TN,tn_64_64_128_B_416_ld_128_128_64,Gemm_Rocblas_-525,0.485438
GemmStridedBatchedTunableOp_float_NN,nn_128_64_64_B_416_ld_128_64_128,Gemm_Rocblas_-451,0.264359
GemmTunableOp_Half_TN,tn_12288_825_4096_ld_4096_4096_12288,Gemm_Rocblas_-69,32.2321
GemmTunableOp_Half_TN,tn_4096_825_12288_ld_12288_12288_4096,Gemm_Rocblas_-63,44.0628
GemmTunableOp_Half_TN,tn_1024_825_4096_ld_4096_4096_1024,Gemm_Rocblas_-69,3.07641
GemmStridedBatchedTunableOp_float_TN,tn_1849_825_256_B_16_ld_256_256_1849,Gemm_Rocblas_-525,3.79267
GemmStridedBatchedTunableOp_float_NN,nn_256_825_1849_B_16_ld_256_1849_256,Gemm_Rocblas_-452,3.89835
GemmTunableOp_Half_TN,tn_8192_16_4096_ld_4096_4096_8192,Gemm_Rocblas_-64,1.08572
GemmTunableOp_Half_TN,tn_4096_16_4096_ld_4096_4096_4096,Gemm_Rocblas_-62,0.813423
GemmTunableOp_Half_TN,tn_32_16_4096_ld_4096_4096_32,Gemm_Rocblas_-68,0.673893
GemmTunableOp_Half_TN,tn_12288_16_4096_ld_4096_4096_12288,Gemm_Rocblas_-70,1.28662
GemmTunableOp_Half_TN,tn_4096_16_12288_ld_12288_12288_4096,Gemm_Rocblas_-62,2.5293
GemmTunableOp_Half_TN,tn_1024_16_4096_ld_4096_4096_1024,Gemm_Rocblas_-62,0.743763
GemmStridedBatchedTunableOp_float_TN,tn_1865_16_256_B_16_ld_256_256_1865,Gemm_Rocblas_-537657538,0.334529
GemmStridedBatchedTunableOp_float_NN,nn_256_16_1865_B_16_ld_256_1865_256,Gemm_Rocblas_-537657425,0.223262
GemmTunableOp_Half_TN,tn_8192_177_4096_ld_4096_4096_8192,Gemm_Rocblas_-69,5.26175
GemmTunableOp_Half_TN,tn_4096_177_4096_ld_4096_4096_4096,Default,2.99678
GemmTunableOp_Half_TN,tn_32_177_4096_ld_4096_4096_32,Gemm_Rocblas_-68,0.674842
GemmStridedBatchedTunableOp_float_TN,tn_64_64_128_B_96_ld_128_128_64,Gemm_Rocblas_-524,0.15546
GemmStridedBatchedTunableOp_float_NN,nn_128_64_64_B_96_ld_128_64_128,Gemm_Rocblas_-452,0.0827064
GemmTunableOp_Half_TN,tn_12288_177_4096_ld_4096_4096_12288,Gemm_Rocblas_-63,7.69142
GemmTunableOp_Half_TN,tn_4096_177_12288_ld_12288_12288_4096,Gemm_Rocblas_-63,9.2985
GemmTunableOp_Half_TN,tn_1024_177_4096_ld_4096_4096_1024,Gemm_Rocblas_-62,1.00234
GemmStridedBatchedTunableOp_float_TN,tn_2042_177_256_B_16_ld_256_256_2042,Gemm_Rocblas_-525,1.0215
GemmStridedBatchedTunableOp_float_NN,nn_256_177_2042_B_16_ld_256_2042_256,Gemm_Rocblas_-452,1.09262
GemmTunableOp_Half_TN,tn_1024_2042_4096_ld_4096_4096_1024,Gemm_Rocblas_-69,7.01908
GemmTunableOp_Half_TN,tn_1024_2042_1024_ld_1024_1024_1024,Default,1.77189
GemmStridedBatchedTunableOp_float_TN,tn_2042_8_64_B_16_ld_1024_1024_2042,Gemm_Rocblas_-537657521,0.76215
GemmStridedBatchedTunableOp_float_NN,nn_64_8_2042_B_16_ld_1024_2042_64,Gemm_Rocblas_-537657399,0.417676
GemmTunableOp_Half_TN,tn_2048_2042_1024_ld_1024_1024_2048,Default,3.31913
GemmStridedBatchedTunableOp_float_TN,tn_2042_3_64_B_16_ld_1024_1024_2042,Gemm_Rocblas_-537657521,0.734778
GemmStridedBatchedTunableOp_float_NN,nn_64_3_2042_B_16_ld_1024_2042_64,Gemm_Rocblas_-537657399,0.411116
